MaxDistance,M,Status,ObjectiveValue_PWL,ObjectiveValue_Exact,Difference_PWL_minus_Exact,ElapsedSeconds,RegionCounts,PWLNodes
25.0,3,2,1.562687666078,1.567601459468,-0.004913793390,1.851,10;35;277,20
35.0,3,2,1.258328569569,1.262589495742,-0.004260926172,0.218,5;2;315,20
40.0,1,2,1.193288279181,1.193288279181,0.000000000000,0.058,322,20
