MaxDistance,M,Status,ObjectiveValue_PWL,ObjectiveValue_Exact,Difference_PWL_minus_Exact,ElapsedSeconds,RegionCounts,PWLNodes
25.0,3,2,1.567601459468,1.567601459468,-0.000000000000,2.901,277;35;10,322
35.0,3,2,1.261999978374,1.261999978374,0.000000000000,0.642,315;1;6,322
40.0,1,2,1.193288279181,1.193288279181,0.000000000000,0.032,322,322
