MaxDistance,M,Status,ObjectiveValue_PWL,ObjectiveValue_Exact,Difference_PWL_minus_Exact,ElapsedSeconds,RegionCounts,PWLNodes
25.0,3,2,1.562738308224,1.567652580102,-0.004914271878,2.057,35;10;277,20
35.0,3,2,1.258369667013,1.262631045736,-0.004261378722,0.160,5;2;315,20
40.0,1,2,1.193326724455,1.193326724455,0.000000000000,0.002,322,20
