MaxDistance,M,Status,ObjectiveValue_PWL,ObjectiveValue_Exact,Difference_PWL_minus_Exact,ElapsedSeconds,RegionCounts,PWLNodes
25.0,3,2,1.567652580102,1.567652580102,0.000000000000,2.973,277;10;35,322
35.0,3,2,1.262041465559,1.262041465559,0.000000000000,0.679,315;1;6,322
40.0,1,2,1.193326724455,1.193326724455,0.000000000000,0.002,322,322
